country,year,gdp_per_capita
Australia,1990,17786.978311000003
Australia,1991,18126.137999000002
Australia,1992,19094.496782
Australia,1993,20118.480443
Australia,1994,21349.565284
Australia,1995,22353.994563999997
Australia,1996,23220.090889
Australia,1997,24403.021722
Australia,1998,25630.468739
Australia,1999,27098.221277999997
Australia,2000,28252.629885000002
Australia,2001,29493.214856
Australia,2002,30740.962902999996
Australia,2003,32248.255835000004
Australia,2004,33865.906508
Australia,2005,35570.808014999995
Australia,2006,37842.933976
Australia,2007,39596.040082
Australia,2008,40094.833205
Australia,2009,41614.090724
Australia,2010,42787.065957
Australia,2011,44419.309749
Australia,2012,43879.180355000004
Australia,2013,47761.214060000006
Australia,2014,47644.762792
Australia,2015,47317.250694999995
Australia,2016,50237.794429
Australia,2017,50853.615427
Australia,2018,53083.298192
Australia,2019,53078.965373
Australia,2020,51742.574197
Austria,1990,19425.410775
Austria,1991,20567.115304
Austria,1992,21241.150171
Austria,1993,21679.452881999998
Austria,1994,22587.176338999998
Austria,1995,23639.8277
Austria,1996,24500.221048
Austria,1997,25417.862477000002
Austria,1998,26673.951008
Austria,1999,27606.484243
Austria,2000,29388.784957999997
Austria,2001,29715.636017
Austria,2002,31178.051444
Austria,2003,32123.696189
Austria,2004,33756.259412
Austria,2005,35024.557484
Austria,2006,37614.942761
Austria,2007,39384.189618000004
Austria,2008,41316.022642
Austria,2009,40957.262320999995
Austria,2010,42053.24337
Austria,2011,44469.209642
Austria,2012,46477.655075
Austria,2013,47936.677963
Austria,2014,48813.534409
Austria,2015,49942.056293
Austria,2016,52665.087457
Austria,2017,54185.337013
Austria,2018,57068.534815
Austria,2019,58664.718719000004
Austria,2020,55340.407595000004
Belgium,1990,18641.737955
Belgium,1991,19550.896866
Belgium,1992,20219.669594
Belgium,1993,20420.367959
Belgium,1994,21465.602993
Belgium,1995,22391.852944
Belgium,1996,22687.967729
Belgium,1997,23724.576608000003
Belgium,1998,24367.949400999998
Belgium,1999,25441.891387
Belgium,2000,27797.333304000003
Belgium,2001,28799.327509
Belgium,2002,30281.667988999998
Belgium,2003,30901.382717
Belgium,2004,32036.935513999997
Belgium,2005,33176.680883999994
Belgium,2006,35211.893732
Belgium,2007,36745.503067000005
Belgium,2008,37883.233422000005
Belgium,2009,37779.034875
Belgium,2010,39868.992657999996
Belgium,2011,40943.343479
Belgium,2012,42290.477674
Belgium,2013,43672.712292000004
Belgium,2014,44929.933328
Belgium,2015,46201.685891
Belgium,2016,48599.202676
Belgium,2017,50442.947518
Belgium,2018,52662.767819
Belgium,2019,54709.354773
Belgium,2020,52062.806324
Canada,1990,20223.087583
Canada,1991,20218.015788999997
Canada,1992,20619.411325
Canada,1993,21432.765161000003
Canada,1994,22625.128167
Canada,1995,23477.634292
Canada,1996,24041.989428
Canada,1997,25251.116847999998
Canada,1998,26310.956955
Canada,1999,27841.629576
Canada,2000,29363.147122000002
Canada,2001,30214.300999
Canada,2002,30963.222007
Canada,2003,32333.608155
Canada,2004,33911.218288
Canada,2005,36327.662058999995
Canada,2006,38107.136242
Canada,2007,39555.523703
Canada,2008,40376.330167
Canada,2009,38893.727456
Canada,2010,40114.222041
Canada,2011,41666.718851
Canada,2012,42290.879082
Canada,2013,44298.514462
Canada,2014,45753.782936
Canada,2015,44670.054374
Canada,2016,46472.368771
Canada,2017,48316.716527
Canada,2018,50239.988278
Canada,2019,50660.587438
Canada,2020,48090.986507
Czech Republic,1990,12736.726239
Czech Republic,1991,11699.088491
Czech Republic,1992,11894.559855
Czech Republic,1993,12168.816797
Czech Republic,1994,12783.381504
Czech Republic,1995,13821.253758
Czech Republic,1996,14653.460983
Czech Republic,1997,14820.198326
Czech Republic,1998,14976.287116
Czech Republic,1999,15397.922822999999
Czech Republic,2000,16214.967545
Czech Republic,2001,17615.595018
Czech Republic,2002,18245.669005
Czech Republic,2003,19503.293709
Czech Republic,2004,20894.60712
Czech Republic,2005,22045.998880000003
Czech Republic,2006,23827.147382
Czech Republic,2007,26189.798385
Czech Republic,2008,27853.549898
Czech Republic,2009,27656.015127999995
Czech Republic,2010,27789.608376999997
Czech Republic,2011,28999.754757
Czech Republic,2012,29258.904852999996
Czech Republic,2013,30828.526409
Czech Republic,2014,32504.217576
Czech Republic,2015,33909.309243
Czech Republic,2016,36101.285600999996
Czech Republic,2017,38842.896268000004
Czech Republic,2018,41147.631528
Czech Republic,2019,43015.814744999996
Czech Republic,2020,41737.418074
Denmark,1990,18202.988752
Denmark,1991,19029.001048
Denmark,1992,19778.303328
Denmark,1993,20178.829135
Denmark,1994,21637.840264
Denmark,1995,22655.944618999998
Denmark,1996,23687.827456
Denmark,1997,24919.675703
Denmark,1998,25818.946768
Denmark,1999,26657.827372
Denmark,2000,28679.270722
Denmark,2001,29459.845737
Denmark,2002,30639.953691000002
Denmark,2003,30791.903458999997
Denmark,2004,32920.676921
Denmark,2005,34152.881663
Denmark,2006,37286.319861
Denmark,2007,38969.119720999995
Denmark,2008,41282.995470999995
Denmark,2009,40361.790678
Denmark,2010,43041.192361
Denmark,2011,44407.94207
Denmark,2012,44808.549212
Denmark,2013,46742.939663
Denmark,2014,47905.477079000004
Denmark,2015,49058.142344
Denmark,2016,51967.020438
Denmark,2017,55356.49009
Denmark,2018,57459.169626
Denmark,2019,60308.072261
Denmark,2020,60413.001886
Finland,1990,18102.410883
Finland,1991,17517.083718
Finland,1992,17228.753019
Finland,1993,17435.816507
Finland,1994,18434.199087
Finland,1995,19539.496806
Finland,1996,20038.365756
Finland,1997,21787.050734
Finland,1998,23575.985475
Finland,1999,24767.163974
Finland,2000,26796.410421
Finland,2001,27807.753126
Finland,2002,28605.122922000002
Finland,2003,29021.635677
Finland,2004,31175.727708
Finland,2005,32051.762888999998
Finland,2006,34408.817577
Finland,2007,37792.556693
Finland,2008,40083.701943
Finland,2009,38000.018769
Finland,2010,38985.871994
Finland,2011,40916.647325
Finland,2012,40872.854802
Finland,2013,41492.918416
Finland,2014,41749.864732999995
Finland,2015,42490.211049
Finland,2016,44934.488245
Finland,2017,47570.270354
Finland,2018,49749.057567
Finland,2019,51556.590319999996
Finland,2020,51095.532960000004
France,1990,17602.775122
France,1991,18297.09381
France,1992,18919.335638
France,1993,19162.456980000003
France,1994,19958.910936
France,1995,20731.559765
France,1996,21310.201946
France,1997,22239.640072
France,1998,23362.488152
France,1999,24311.403864
France,2000,26106.052894999997
France,2001,27506.156751
France,2002,28528.156107
France,2003,28148.115652999997
France,2004,29040.965294
France,2005,30504.058783999997
France,2006,32431.435631
France,2007,34086.956799
France,2008,35102.870427999995
France,2009,34711.655714
France,2010,35939.455835
France,2011,37447.949543
France,2012,37684.198067000005
France,2013,39528.473644
France,2014,40144.059485000005
France,2015,40829.893311
France,2016,42855.944562
France,2017,44480.722199
France,2018,46507.646572000005
France,2019,49467.602317000004
France,2020,46537.022708
Germany,1990,19432.877676
Germany,1991,20955.50004
Germany,1992,21702.219369
Germany,1993,21878.171781999998
Germany,1994,22823.157071
Germany,1995,23614.679946
Germany,1996,24151.665336000002
Germany,1997,24722.26844
Germany,1998,25531.12268
Germany,1999,26510.228697
Germany,2000,27462.90882
Germany,2001,28670.790607
Germany,2002,29504.28924
Germany,2003,30238.269264
Germany,2004,31715.392519
Germany,2005,32236.740986
Germany,2006,34620.413592000004
Germany,2007,36813.713454000004
Germany,2008,38432.448211
Germany,2009,37492.649447
Germany,2010,39707.329953
Germany,2011,42541.513126
Germany,2012,43359.541048
Germany,2013,44993.667838
Germany,2014,47011.280402
Germany,2015,47609.557158999996
Germany,2016,50579.483717
Germany,2017,52952.897774000005
Germany,2018,54954.686579999994
Germany,2019,55891.15984
Germany,2020,53812.005051
Greece,1990,13189.576297
Greece,1991,13940.312822999998
Greece,1992,14253.475422
Greece,1993,14278.985409
Greece,1994,14808.391538
Greece,1995,15395.287081999999
Greece,1996,16110.163330000001
Greece,1997,17149.86169
Greece,1998,18032.977372
Greece,1999,18464.726453
Greece,2000,19524.703035
Greece,2001,20963.822068999998
Greece,2002,22615.957435
Greece,2003,23871.921816
Greece,2004,25439.31884
Greece,2005,25577.445437000002
Greece,2006,28510.877945999997
Greece,2007,29284.612817
Greece,2008,30855.935774
Greece,2009,30381.482016
Greece,2010,27934.317127
Greece,2011,25671.291223
Greece,2012,24912.130664
Greece,2013,25947.870627
Greece,2014,26642.231958
Greece,2015,26720.908773
Greece,2016,27471.218206
Greece,2017,28644.977147
Greece,2018,29680.902369
Greece,2019,30869.249858999996
Greece,2020,28485.786418
Hungary,1991,8327.183804
Hungary,1992,8273.5709
Hungary,1993,8445.342071
Hungary,1994,8908.45228
Hungary,1995,9169.985152
Hungary,1996,9329.287509
Hungary,1997,9821.418274
Hungary,1998,10397.681365
Hungary,1999,10873.247873
Hungary,2000,11858.334408
Hungary,2001,13213.635599
Hungary,2002,14526.388250999998
Hungary,2003,15465.365352
Hungary,2004,16230.260624
Hungary,2005,17073.551438
Hungary,2006,18337.205217
Hungary,2007,19041.087901
Hungary,2008,20696.728568000002
Hungary,2009,20689.046702
Hungary,2010,21716.650836
Hungary,2011,22999.830605000003
Hungary,2012,23206.255116
Hungary,2013,24498.658689
Hungary,2014,25642.556756
Hungary,2015,26777.470459
Hungary,2016,27911.664732999998
Hungary,2017,29465.126306000002
Hungary,2018,31831.981048
Hungary,2019,33956.821868
Hungary,2020,33084.221808999995
Iceland,1990,21935.573514
Iceland,1991,22348.029429
Iceland,1992,21820.702176
Iceland,1993,22401.161183
Iceland,1994,23507.096749
Iceland,1995,23902.718765999998
Iceland,1996,24716.28379
Iceland,1997,26886.302952
Iceland,1998,28745.860849
Iceland,1999,29576.841574000002
Iceland,2000,29792.576142
Iceland,2001,31875.051085000003
Iceland,2002,32598.376020999996
Iceland,2003,32690.496031
Iceland,2004,35522.714458999995
Iceland,2005,37427.934965
Iceland,2006,39579.737256
Iceland,2007,41435.17855
Iceland,2008,43456.216758999995
Iceland,2009,41802.999355
Iceland,2010,39810.803416
Iceland,2011,40938.664549
Iceland,2012,42006.543346
Iceland,2013,44404.731588
Iceland,2014,45995.001692000005
Iceland,2015,49203.294991
Iceland,2016,53486.615773000005
Iceland,2017,55638.491978
Iceland,2018,58225.804712
Iceland,2019,60075.684325
Iceland,2020,55492.409149
Ireland,1990,13741.089121
Ireland,1991,14397.767054
Ireland,1992,15094.062666999998
Ireland,1993,15783.381169
Ireland,1994,16991.230036
Ireland,1995,18938.038579
Ireland,1996,20495.033957
Ireland,1997,22689.333861000003
Ireland,1998,25081.569768
Ireland,1999,27041.622656
Ireland,2000,30226.138501999998
Ireland,2001,32601.902438
Ireland,2002,35222.881959
Ireland,2003,36241.407312
Ireland,2004,38729.278379
Ireland,2005,40465.540236
Ireland,2006,44212.16744
Ireland,2007,46703.523511
Ireland,2008,44105.305617
Ireland,2009,41467.136282
Ireland,2010,43239.794656
Ireland,2011,45095.404017
Ireland,2012,46382.57421
Ireland,2013,47869.673503
Ireland,2014,51156.247715
Ireland,2015,69119.703929
Ireland,2016,71594.09568500001
Ireland,2017,77832.00899
Ireland,2018,84781.721928
Ireland,2019,89680.969173
Ireland,2020,95512.586102
Italy,1990,18592.631819
Italy,1991,19497.746407
Italy,1992,20100.806853000002
Italy,1993,20389.1124
Italy,1994,21268.095706
Italy,1995,22340.547473
Italy,1996,23002.265874
Italy,1997,23867.508126
Italy,1998,25020.08757
Italy,1999,25602.386484
Italy,2000,27084.202085
Italy,2001,28043.04706
Italy,2002,28716.197174
Italy,2003,29116.350319
Italy,2004,29448.802597
Italy,2005,30016.1557
Italy,2006,32252.424492000002
Italy,2007,33897.278447000004
Italy,2008,35274.312724
Italy,2009,34347.697477999995
Italy,2010,34860.578039
Italy,2011,36183.316026
Italy,2012,36002.908697000006
Italy,2013,36067.707344
Italy,2014,36194.916674
Italy,2015,36899.396401
Italy,2016,39926.966169
Italy,2017,41581.131252
Italy,2018,43097.264517
Italy,2019,44397.556124
Italy,2020,41491.868194
Japan,1990,19549.49146
Japan,1991,20818.777571000002
Japan,1992,21393.467094
Japan,1993,21722.216697
Japan,1994,22792.90077
Japan,1995,23824.551838
Japan,1996,24979.077721
Japan,1997,25598.208474000003
Japan,1998,25493.816162
Japan,1999,25744.916581
Japan,2000,27285.183826
Japan,2001,27930.593221
Japan,2002,28633.69892
Japan,2003,29424.871918
Japan,2004,30845.95769
Japan,2005,32174.400106999998
Japan,2006,33615.080241
Japan,2007,34999.997022
Japan,2008,35278.749846
Japan,2009,33570.796322
Japan,2010,35356.426695999995
Japan,2011,36215.006272000006
Japan,2012,37628.675988999996
Japan,2013,39436.682585
Japan,2014,39559.763471
Japan,2015,40908.781547000006
Japan,2016,40642.704531
Japan,2017,41531.221618999996
Japan,2018,42415.262579
Japan,2019,42938.81628
"Korea, Rep.",1990,8352.635031
"Korea, Rep.",1991,9471.455593
"Korea, Rep.",1992,10181.490264
"Korea, Rep.",1993,11026.869848
"Korea, Rep.",1994,12182.981493000001
"Korea, Rep.",1995,13497.975353999998
"Korea, Rep.",1996,14688.991427
"Korea, Rep.",1997,15716.204059
"Korea, Rep.",1998,14969.393500999999
"Korea, Rep.",1999,16807.013023
"Korea, Rep.",2000,18539.420748
"Korea, Rep.",2001,19713.595536
"Korea, Rep.",2002,21396.719189
"Korea, Rep.",2003,22084.778571000003
"Korea, Rep.",2004,23763.307826
"Korea, Rep.",2005,25186.638103
"Korea, Rep.",2006,26875.232505
"Korea, Rep.",2007,29050.159626999997
"Korea, Rep.",2008,29945.899216
"Korea, Rep.",2009,29529.785604
"Korea, Rep.",2010,31748.35357
"Korea, Rep.",2011,32546.517725
"Korea, Rep.",2012,33557.030447000005
"Korea, Rep.",2013,34244.239492
"Korea, Rep.",2014,35324.260296
"Korea, Rep.",2015,37902.361018
"Korea, Rep.",2016,39575.302078
"Korea, Rep.",2017,40957.347064
"Korea, Rep.",2018,42486.739807
"Korea, Rep.",2019,42728.031736000004
"Korea, Rep.",2020,43058.254239999995
Luxembourg,1990,29634.242402999997
Luxembourg,1991,32837.547993
Luxembourg,1992,33735.145994
Luxembourg,1993,35478.772827999994
Luxembourg,1994,37080.571957
Luxembourg,1995,39515.461758
Luxembourg,1996,41271.252078
Luxembourg,1997,42794.865736
Luxembourg,1998,44343.753716
Luxembourg,1999,50526.653189
Luxembourg,2000,55279.773688
Luxembourg,2001,55853.00292100001
Luxembourg,2002,58709.015363
Luxembourg,2003,59960.025388
Luxembourg,2004,63998.592169
Luxembourg,2005,68140.65238
Luxembourg,2006,77880.52810499999
Luxembourg,2007,83837.451183
Luxembourg,2008,86591.985457
Luxembourg,2009,82249.998512
Luxembourg,2010,85587.014645
Luxembourg,2011,91814.036613
Luxembourg,2012,91526.720705
Luxembourg,2013,95246.113893
Luxembourg,2014,100933.604548
Luxembourg,2015,103760.127974
Luxembourg,2016,110260.934439
Luxembourg,2017,112187.731906
Luxembourg,2018,116480.80384200001
Luxembourg,2019,120670.500099
Luxembourg,2020,118582.20114100001
Mexico,1990,7193.840273000001
Mexico,1991,7614.179747
Mexico,1992,7935.803462000001
Mexico,1993,8277.718218
Mexico,1994,8733.591328
Mexico,1995,8228.851555
Mexico,1996,8817.65893
Mexico,1997,9452.916608
Mexico,1998,9922.291083
Mexico,1999,10216.053137
Mexico,2000,10870.409593
Mexico,2001,10931.09462
Mexico,2002,10999.980338
Mexico,2003,11302.737554000001
Mexico,2004,11921.837103
Mexico,2005,12539.95753
Mexico,2006,13720.688285
Mexico,2007,14233.029478999999
Mexico,2008,14885.902438
Mexico,2009,14532.386513999998
Mexico,2010,15257.673655
Mexico,2011,16546.641413999998
Mexico,2012,17220.06914
Mexico,2013,17461.798268000002
Mexico,2014,18178.397421
Mexico,2015,18454.801482
Mexico,2016,19516.145022
Mexico,2017,19947.197691
Mexico,2018,20518.580821
Mexico,2019,20739.308737
Mexico,2020,19127.375171
Netherlands,1990,19135.366224
Netherlands,1991,20102.246439
Netherlands,1992,20754.114426
Netherlands,1993,21361.072806
Netherlands,1994,22330.337233000002
Netherlands,1995,23389.334808
Netherlands,1996,24456.036125
Netherlands,1997,26007.398523
Netherlands,1998,27708.209226
Netherlands,1999,29268.685491000004
Netherlands,2000,31883.704960000003
Netherlands,2001,33194.897494
Netherlands,2002,34447.053372
Netherlands,2003,34115.065703
Netherlands,2004,35779.622867
Netherlands,2005,37625.252435
Netherlands,2006,40959.18563
Netherlands,2007,43885.020938
Netherlands,2008,46419.042594
Netherlands,2009,44590.781562000004
Netherlands,2010,45079.367407
Netherlands,2011,46599.227659
Netherlands,2012,47271.968226
Netherlands,2013,49242.786711
Netherlands,2014,49233.230349
Netherlands,2015,50288.352815
Netherlands,2016,52289.404292
Netherlands,2017,55089.58143
Netherlands,2018,57899.824961
Netherlands,2019,59674.76802999999
Netherlands,2020,59334.696849
New Zealand,1990,14676.667761
New Zealand,1991,14524.139613999998
New Zealand,1992,14867.763036000002
New Zealand,1993,15881.392771
New Zealand,1994,16976.474045
New Zealand,1995,17825.310759
New Zealand,1996,18388.39421
New Zealand,1997,19082.407272
New Zealand,1998,19306.483619
New Zealand,1999,20537.595625
New Zealand,2000,21471.617779
New Zealand,2001,22387.147333
New Zealand,2002,23180.064981
New Zealand,2003,23856.565372999998
New Zealand,2004,24995.646468
New Zealand,2005,25590.127446000002
New Zealand,2006,27664.745638
New Zealand,2007,29275.954051
New Zealand,2008,29748.931565
New Zealand,2009,30591.621800999998
New Zealand,2010,31152.554881
New Zealand,2011,32638.103325
New Zealand,2012,32916.91304
New Zealand,2013,36084.865782
New Zealand,2014,37084.794142
New Zealand,2015,37246.951138
New Zealand,2016,39719.042939
New Zealand,2017,42074.660571
New Zealand,2018,43738.114648
New Zealand,2019,44612.279404
New Zealand,2020,44049.920425
Norway,1990,18418.515077
Norway,1991,19532.041644
Norway,1992,20575.358771
Norway,1993,21531.537068
Norway,1994,22969.897384
Norway,1995,24302.784912
Norway,1996,26761.785334
Norway,1997,28599.706298
Norway,1998,28188.202185000002
Norway,1999,30554.45254
Norway,2000,36952.282492
Norway,2001,37778.5612
Norway,2002,37981.68638
Norway,2003,38552.708652
Norway,2004,42513.853145
Norway,2005,47800.540634
Norway,2006,54084.291298000004
Norway,2007,55864.469542
Norway,2008,61719.343656
Norway,2009,55401.83115
Norway,2010,57966.866732
Norway,2011,62077.845797
Norway,2012,65349.216157
Norway,2013,66956.285962
Norway,2014,65895.667611
Norway,2015,60352.716908
Norway,2016,58923.240139
Norway,2017,64050.366694000004
Norway,2018,69709.38160800001
Norway,2019,68343.740792
Norway,2020,63293.196907000005
Poland,1990,6189.884554
Poland,1991,5938.090567
Poland,1992,6215.7206289999995
Poland,1993,6592.567191
Poland,1994,7083.980212
Poland,1995,7730.766465000001
Poland,1996,8330.054463
Poland,1997,9016.9551
Poland,1998,9581.409564
Poland,1999,10143.29528
Poland,2000,10677.49872
Poland,2001,11123.674779
Poland,2002,11803.761357
Poland,2003,12278.874029999999
Poland,2004,13343.390787
Poland,2005,13898.413011
Poland,2006,15135.749291999999
Poland,2007,16784.447638999998
Poland,2008,18308.038986000003
Poland,2009,19088.289016
Poland,2010,20828.986526
Poland,2011,22553.514215
Poland,2012,23455.560312
Poland,2013,24272.842559
Poland,2014,25162.875509
Poland,2015,26534.723216
Poland,2016,27985.340008999996
Poland,2017,29714.590984
Poland,2018,31613.688164
Poland,2019,33858.276341000004
Poland,2020,34003.608141000004
Portugal,1990,11737.654939
Portugal,1991,12700.582427
Portugal,1992,13136.826692
Portugal,1993,13158.63288
Portugal,1994,13536.716477000002
Portugal,1995,14371.63835
Portugal,1996,14885.045863
Portugal,1997,15783.166645
Portugal,1998,16686.376330000003
Portugal,1999,17718.199563
Portugal,2000,18884.873913
Portugal,2001,19533.387272
Portugal,2002,20356.721555
Portugal,2003,20829.642284
Portugal,2004,21459.954835
Portugal,2005,22725.351606
Portugal,2006,24649.676772
Portugal,2007,25701.787963
Portugal,2008,26665.771577
Portugal,2009,26478.491799
Portugal,2010,27282.766345999997
Portugal,2011,26769.42769
Portugal,2012,26438.140472
Portugal,2013,27936.006299
Portugal,2014,28742.313125
Portugal,2015,29660.845901
Portugal,2016,31607.610185
Portugal,2017,33044.70015
Portugal,2018,34931.85988
Portugal,2019,36871.738281
Portugal,2020,34519.955519
Slovak Republic,1992,7169.245892
Slovak Republic,1993,7453.365819
Slovak Republic,1994,8051.806328
Slovak Republic,1995,8674.313044
Slovak Republic,1996,9383.845545999999
Slovak Republic,1997,10082.278134
Slovak Republic,1998,10621.950898000001
Slovak Republic,1999,10714.989610999999
Slovak Republic,2000,11356.253766
Slovak Republic,2001,12389.813595
Slovak Republic,2002,13307.878099
Slovak Republic,2003,14150.806452
Slovak Republic,2004,15185.209483
Slovak Republic,2005,16595.261602000002
Slovak Republic,2006,18826.142072
Slovak Republic,2007,21110.422832
Slovak Republic,2008,23608.977522
Slovak Republic,2009,22963.908847
Slovak Republic,2010,25030.420997999998
Slovak Republic,2011,26084.105497
Slovak Republic,2012,26973.791217
Slovak Republic,2013,28004.527785000002
Slovak Republic,2014,28997.375683
Slovak Republic,2015,29927.681435000002
Slovak Republic,2016,29659.331169
Slovak Republic,2017,30082.484107999997
Slovak Republic,2018,31509.439604000003
Slovak Republic,2019,32562.554072000003
Slovak Republic,2020,31822.052845
Spain,1990,13487.767571
Spain,1991,14273.58899
Spain,1992,14700.155138999999
Spain,1993,14860.725586000002
Spain,1994,15511.967913999999
Spain,1995,16250.412881
Spain,1996,16940.421217
Spain,1997,17909.831943
Spain,1998,19100.328227
Spain,1999,19962.792109
Spain,2000,21600.822324
Spain,2001,23006.611474
Spain,2002,24376.328709999998
Spain,2003,25015.219073
Spain,2004,26160.194832
Spain,2005,27600.937175
Spain,2006,30704.576922000004
Spain,2007,32423.532219999997
Spain,2008,33242.245427
Spain,2009,32112.818687
Spain,2010,31716.709735000004
Spain,2011,31872.363088
Spain,2012,31724.631513
Spain,2013,32452.659676
Spain,2014,33544.352014
Spain,2015,34929.209689999996
Spain,2016,37313.634913
Spain,2017,39580.188366
Spain,2018,40780.287322000004
Spain,2019,42211.809525
Spain,2020,38334.622511
Sweden,1990,20375.572579
Sweden,1991,20683.070544
Sweden,1992,20786.300875999998
Sweden,1993,20718.06961
Sweden,1994,21836.544499
Sweden,1995,23050.467255
Sweden,1996,23875.251836000003
Sweden,1997,24797.075531
Sweden,1998,25886.713848
Sweden,1999,27471.476497000003
Sweden,2000,29631.192149000002
Sweden,2001,29940.410211000002
Sweden,2002,30926.361001999998
Sweden,2003,31782.177947000004
Sweden,2004,33830.671978
Sweden,2005,34244.359285000006
Sweden,2006,37679.716019
Sweden,2007,40855.465147
Sweden,2008,42158.465614
Sweden,2009,40309.177594
Sweden,2010,42256.280065
Sweden,2011,44608.643898
Sweden,2012,45432.306926
Sweden,2013,46312.293685000004
Sweden,2014,47184.719402999996
Sweden,2015,49103.0618
Sweden,2016,50430.174559
Sweden,2017,51947.942867000005
Sweden,2018,53553.312076999995
Sweden,2019,55337.872219000004
Sweden,2020,54847.82683300001
Switzerland,1990,28079.152261000003
Switzerland,1991,28412.498675
Switzerland,1992,28783.68748
Switzerland,1993,29235.834227999996
Switzerland,1994,30033.037612
Switzerland,1995,30536.803520999998
Switzerland,1996,31199.440585000004
Switzerland,1997,32466.226299
Switzerland,1998,33588.300634
Switzerland,1999,34476.513264999994
Switzerland,2000,36441.969934
Switzerland,2001,37608.082988
Switzerland,2002,38519.185231
Switzerland,2003,38511.974614
Switzerland,2004,40011.303647
Switzerland,2005,41467.497320999995
Switzerland,2006,46129.811162
Switzerland,2007,50804.677376
Switzerland,2008,53784.37338
Switzerland,2009,53150.627259
Switzerland,2010,54809.791037
Switzerland,2011,57987.486864
Switzerland,2012,59933.617055999996
Switzerland,2013,62225.11235
Switzerland,2014,64103.00975800001
Switzerland,2015,66020.20952
Switzerland,2016,68105.138178
Switzerland,2017,69103.567686
Switzerland,2018,71705.600337
Switzerland,2019,73114.493516
Switzerland,2020,71297.509354
Turkey,1990,8271.703637
Turkey,1991,8486.712419
Turkey,1992,9049.250022
Turkey,1993,9848.432197
Turkey,1994,9360.607017
Turkey,1995,10086.596857999999
Turkey,1996,10805.306222
Turkey,1997,11646.861970999998
Turkey,1998,8937.018414
Turkey,1999,8625.279387999999
Turkey,2000,9478.892226
Turkey,2001,9145.527684
Turkey,2002,9279.072677
Turkey,2003,9587.561223
Turkey,2004,10875.238229
Turkey,2005,11910.606724
Turkey,2006,13623.402879
Turkey,2007,14845.034672
Turkey,2008,16038.231644999998
Turkey,2009,15453.982834999999
Turkey,2010,17359.967189
Turkey,2011,19590.858369
Turkey,2012,20627.440728999998
Turkey,2013,22373.136543
Turkey,2014,24104.984583
Turkey,2015,25855.912681
Turkey,2016,26695.909373
Turkey,2017,28193.061398
Turkey,2018,28263.241826999998
Turkey,2019,27599.829476
Turkey,2020,28441.18401
United Kingdom,1990,16994.432559
United Kingdom,1991,17314.530887
United Kingdom,1992,17735.061764
United Kingdom,1993,18565.700177000002
United Kingdom,1994,19641.066966
United Kingdom,1995,20502.823096
United Kingdom,1996,21827.619484
United Kingdom,1997,23022.538715000002
United Kingdom,1998,23662.053382
United Kingdom,1999,24410.788419999997
United Kingdom,2000,26423.951157
United Kingdom,2001,27733.449638
United Kingdom,2002,28999.263599
United Kingdom,2003,30238.338666000003
United Kingdom,2004,31922.795895
United Kingdom,2005,32586.151002
United Kingdom,2006,34668.804130000004
United Kingdom,2007,35507.373473
United Kingdom,2008,36634.610738
United Kingdom,2009,35052.174843
United Kingdom,2010,36468.172567
United Kingdom,2011,37154.162977
United Kingdom,2012,38296.701025
United Kingdom,2013,39945.104527999996
United Kingdom,2014,41292.491286000004
United Kingdom,2015,42571.653412
United Kingdom,2016,44125.534988
United Kingdom,2017,45757.778123000004
United Kingdom,2018,47163.170633
United Kingdom,2019,48542.092734
United Kingdom,2020,44929.101611
United States,1990,23835.319229
United States,1991,24289.547588
United States,1992,25378.624641
United States,1993,26350.492927
United States,1994,27660.268357
United States,1995,28657.512716
United States,1996,29932.157767
United States,1997,31424.438925
United States,1998,32817.981995999995
United States,1999,34477.972132999996
United States,2000,36304.602016000004
United States,2001,37099.910597
United States,2002,37979.607925
United States,2003,39426.087136
United States,2004,41647.843907
United States,2005,44043.734142
United States,2006,46230.846201
United States,2007,47902.060352
United States,2008,48311.223701999996
United States,2009,47028.160396
United States,2010,48396.74085
United States,2011,49814.371333999996
United States,2012,51548.021718
United States,2013,53056.676476
United States,2014,55008.012403
United States,2015,56831.654814999994
United States,2016,58000.888034
United States,2017,60091.568784
United States,2018,63043.04646900001
United States,2019,65240.379025
United States,2020,63415.033076
Chile,1990,4735.818541
Chile,1991,5190.382613000001
Chile,1992,5854.3742
Chile,1993,6299.643801
Chile,1994,6684.533913
Chile,1995,7422.424725
Chile,1996,8007.106331999999
Chile,1997,8631.577192
Chile,1998,8984.419434
Chile,1999,8956.789394
Chile,2000,9519.174434
Chile,2001,9937.064618999999
Chile,2002,10292.91805
Chile,2003,10793.770959
Chile,2004,11757.51176
Chile,2005,12667.853587
Chile,2006,15685.218973
Chile,2007,16872.268785
Chile,2008,16447.33384
Chile,2009,16119.89398
Chile,2010,18129.087986000002
Chile,2011,20302.78871
Chile,2012,21446.537619
Chile,2013,22352.530725999997
Chile,2014,22687.933017
Chile,2015,22603.768381
Chile,2016,23349.677001
Chile,2017,24402.005375
Chile,2018,24686.142367
Chile,2019,25856.985466
Chile,2020,24647.630462
China,1990,975.5032160000001
China,1991,1087.7282050000001
China,1992,1256.147371
China,1993,1447.809875
China,1994,1652.916985
China,1995,1852.7818989999998
China,1996,2052.428714
China,1997,2257.847343
China,1998,2440.003049
China,1999,2643.161035
China,2000,2909.5334940000002
China,2001,3198.891771
China,2002,3523.483224
China,2003,3925.520688
China,2004,4412.9198670000005
China,2005,5039.10345
China,2006,5821.210961
China,2007,6793.052193
China,2008,7555.032225
China,2009,8287.678054
China,2010,9231.648126
China,2011,10275.255685
China,2012,11169.935527
China,2013,11894.484186
China,2014,12517.200433
China,2015,12946.666743000002
China,2016,13532.915183000001
China,2017,14306.396116
Colombia,1990,4994.610583
Colombia,1991,5200.78712
Colombia,1992,5441.441062
Colombia,1993,5777.756783
Colombia,1994,6122.683411
Colombia,1995,6475.32925
Colombia,1996,6593.758186
Colombia,1997,6820.034253
Colombia,1998,6841.299649
Colombia,1999,6489.336268
Colombia,2000,6709.482677
Colombia,2001,6883.218978
Colombia,2002,7077.150872
Colombia,2003,7398.391242000001
Colombia,2004,7905.061737999999
Colombia,2005,8431.955633
Colombia,2006,9160.706970000001
Colombia,2007,9922.22572
Colombia,2008,10324.87588
Colombia,2009,10399.468562
Colombia,2010,10866.058552
Colombia,2011,11726.775903
Colombia,2012,12115.059684
Colombia,2013,12799.508325
Colombia,2014,13365.993539000001
Colombia,2015,13330.562044
Colombia,2016,14054.69606
Colombia,2017,14479.812544
Colombia,2018,15256.201618000001
Colombia,2019,16077.321381
Colombia,2020,14994.313911000001
Estonia,1993,5725.0865189999995
Estonia,1994,5884.861897
Estonia,1995,6405.567804
Estonia,1996,6820.075318000001
Estonia,1997,7929.592086
Estonia,1998,8396.022332999999
Estonia,1999,8486.98644
Estonia,2000,9408.746712999999
Estonia,2001,10292.332523000001
Estonia,2002,11635.368438
Estonia,2003,13081.093634
Estonia,2004,14482.628472999999
Estonia,2005,16574.460822
Estonia,2006,19251.861484999998
Estonia,2007,22128.125303
Estonia,2008,22807.728472
Estonia,2009,20590.604838
Estonia,2010,21785.161132
Estonia,2011,24738.851132
Estonia,2012,26141.083529
Estonia,2013,27596.458608999998
Estonia,2014,29107.89112
Estonia,2015,29436.420260000003
Estonia,2016,31574.446846
Estonia,2017,33902.097344
Estonia,2018,36406.04542
Estonia,2019,38880.845059
Estonia,2020,38454.31514
India,2004,2738.7556670000004
India,2005,2998.992121
India,2006,3267.10439
India,2007,3591.547682
India,2008,3732.9486899999997
India,2009,3987.8494590000005
India,2010,4295.763887
India,2011,4605.230111
India,2012,4982.312076
India,2013,5177.871752
India,2014,5352.029977
India,2015,5577.337632
India,2016,5901.21084
Indonesia,1993,4772.398486
Indonesia,1994,5169.582915999999
Indonesia,1995,5633.1101530000005
Indonesia,1996,6099.4856119999995
Indonesia,1997,6406.73873
Indonesia,1998,5550.818261
Indonesia,1999,5597.2882979999995
Indonesia,2000,5352.28964
Indonesia,2001,5584.096234000001
Indonesia,2002,5838.901329
Indonesia,2003,6138.338789
Indonesia,2004,6521.591489
Indonesia,2005,7001.130255
Indonesia,2006,7495.84456
Indonesia,2007,8063.035320999999
Indonesia,2008,8583.717617
Indonesia,2009,8735.401828
Indonesia,2010,8623.978571
Indonesia,2011,9213.212405
Indonesia,2012,9833.689554999999
Indonesia,2013,10188.331849
Indonesia,2014,10398.959732
Indonesia,2015,10364.397282
Indonesia,2016,10610.141435
Indonesia,2017,11050.882373
Israel,1995,19966.219859
Israel,1996,20830.398369
Israel,1997,21463.097777000003
Israel,1998,22067.09922
Israel,1999,22591.671271
Israel,2000,24939.693936
Israel,2001,24906.775847999997
Israel,2002,25204.72917
Israel,2003,23800.648789
Israel,2004,25152.86853
Israel,2005,24743.425441
Israel,2006,25580.825491
Israel,2007,27352.814955
Israel,2008,27304.814799
Israel,2009,27504.022420999998
Israel,2010,28836.15537
Israel,2011,30497.568631000002
Israel,2012,31706.1862
Israel,2013,34167.038321
Israel,2014,34282.236043
Israel,2015,35487.894438999996
Israel,2016,37806.427116000006
Israel,2017,38849.910298
Israel,2018,40351.274188999996
Israel,2019,41964.735422000005
Israel,2020,41859.025288
Russian Federation,1995,6022.881532
Russian Federation,1996,5920.496932999999
Russian Federation,1997,6115.87234
Russian Federation,1998,5863.841604
Russian Federation,1999,6345.894176
Russian Federation,2000,7323.44018
Russian Federation,2001,7898.522928
Russian Federation,2002,8623.997298999999
Russian Federation,2003,9940.232555
Russian Federation,2004,10984.496611
Russian Federation,2005,12698.299229
Russian Federation,2006,16017.124233
Russian Federation,2007,17881.758587
Russian Federation,2008,21657.589062
Russian Federation,2009,20826.597968000002
Russian Federation,2010,22008.299275
Russian Federation,2011,22798.673917
Russian Federation,2012,24303.491049
Russian Federation,2013,26073.873547
Russian Federation,2014,25761.661509999998
Russian Federation,2015,24085.312853
Russian Federation,2016,24128.081806000002
Russian Federation,2017,25926.431403
Russian Federation,2018,28681.779437999998
Russian Federation,2019,29188.845686
Slovenia,1995,13602.803998
Slovenia,1996,14264.321803
Slovenia,1997,15274.616662
Slovenia,1998,16049.539912
Slovenia,1999,17077.485063
Slovenia,2000,18004.796667
Slovenia,2001,18957.424463
Slovenia,2002,20236.432071
Slovenia,2003,21084.85741
Slovenia,2004,22739.135447
Slovenia,2005,23848.602419
Slovenia,2006,25673.491319999997
Slovenia,2007,27526.53765
Slovenia,2008,29594.665838999998
Slovenia,2009,27531.134559
Slovenia,2010,27844.902439999998
Slovenia,2011,28931.423641
Slovenia,2012,29048.325999
Slovenia,2013,29979.618841000003
Slovenia,2014,30872.728880000002
Slovenia,2015,31631.838376
Slovenia,2016,33942.767889999996
Slovenia,2017,36515.702826
Slovenia,2018,38952.0625
Slovenia,2019,41181.425696
Slovenia,2020,39537.138824
South Africa,1990,6537.1335340000005
South Africa,1991,6545.666776
South Africa,1992,6411.898523
South Africa,1993,6504.259602
South Africa,1994,6712.740265
South Africa,1995,6921.633389
South Africa,1996,7205.886453
South Africa,1997,7375.302769
South Africa,1998,7356.509137999999
South Africa,1999,7507.305111
South Africa,2000,7865.304698000001
South Africa,2001,8123.724947
South Africa,2002,8352.399734
South Africa,2003,8656.655166
South Africa,2004,9183.875946
South Africa,2005,9847.957943000001
South Africa,2006,10580.512387
South Africa,2007,11300.497099
South Africa,2008,11732.029766
South Africa,2009,11483.44306
South Africa,2010,11806.055909
South Africa,2011,12227.241684999999
South Africa,2012,12174.458197
South Africa,2013,12587.617396
South Africa,2014,12667.868134999999
South Africa,2015,12698.124385
South Africa,2016,12724.643279
South Africa,2017,12810.965544
Latvia,1995,5501.044385
Latvia,1996,5788.702939
Latvia,1997,6478.9372140000005
Latvia,1998,7060.89374
Latvia,1999,7397.56063
Latvia,2000,8033.096672
Latvia,2001,9034.533398
Latvia,2002,10067.801699
Latvia,2003,11027.777891
Latvia,2004,12240.335962000001
Latvia,2005,13877.977805
Latvia,2006,15797.285944
Latvia,2007,18179.666228000002
Latvia,2008,19516.020113
Latvia,2009,16973.369602000002
Latvia,2010,17658.753569999997
Latvia,2011,19887.749141
Latvia,2012,21414.570347999997
Latvia,2013,22811.030828
Latvia,2014,23798.233545
Latvia,2015,24964.048128
Latvia,2016,26712.835239
Latvia,2017,28666.003742
Latvia,2018,30814.222639
Latvia,2019,32013.343219
Latvia,2020,32028.055825
Brazil,2000,9114.213859
Brazil,2001,9312.659939
Brazil,2002,9623.717789
Brazil,2003,9793.070465
Brazil,2004,10510.544053
Brazil,2005,11056.437748
Brazil,2006,11711.263786
Brazil,2007,12622.435746
Brazil,2008,13383.860084
Brazil,2009,13331.386494
Brazil,2010,14359.933544999998
Brazil,2011,15109.737403000001
Brazil,2012,15120.063649000002
Brazil,2013,15669.140139
Brazil,2014,15800.088894
Brazil,2015,14816.290598
Brazil,2016,14326.10209
Brazil,2017,14596.889675999999
Brazil,2018,15090.63762
Lithuania,1995,5916.118581000001
Lithuania,1996,6369.880929
Lithuania,1997,7066.9722280000005
Lithuania,1998,7762.291081
Lithuania,1999,7820.79589
Lithuania,2000,8449.658261
Lithuania,2001,9440.144031
Lithuania,2002,10480.719387000001
Lithuania,2003,12055.236651000001
Lithuania,2004,13019.577673
Lithuania,2005,14510.653684
Lithuania,2006,16461.788562
Lithuania,2007,19071.447238
Lithuania,2008,20721.033863999997
Lithuania,2009,18130.047803999998
Lithuania,2010,20112.103125
Lithuania,2011,22884.804355
Lithuania,2012,24703.697943
Lithuania,2013,26721.601926
Lithuania,2014,28184.499091
Lithuania,2015,28834.457574
Lithuania,2016,30925.151813
Lithuania,2017,33761.906595
Lithuania,2018,36346.416674
Lithuania,2019,38765.028209
Lithuania,2020,38734.252423000005
Saudi Arabia,1990,31904.871323000003
Saudi Arabia,1991,36717.303718
Saudi Arabia,1992,37903.27627
Saudi Arabia,1993,37241.590951
Saudi Arabia,1994,37306.572024
Saudi Arabia,1995,37304.286614
Saudi Arabia,1996,38182.734069
Saudi Arabia,1997,38516.918673
Saudi Arabia,1998,39317.724199000004
Saudi Arabia,1999,37605.244323
Saudi Arabia,2000,39689.649431
Saudi Arabia,2001,39054.820329
Saudi Arabia,2002,37493.382348
Saudi Arabia,2003,41258.540035000005
Saudi Arabia,2004,44417.057437999996
Saudi Arabia,2005,46984.604448000006
Saudi Arabia,2006,48394.517295
Saudi Arabia,2007,49261.050328
Saudi Arabia,2008,51942.26361
Saudi Arabia,2009,49874.781078
Saudi Arabia,2010,51351.20568
Saudi Arabia,2011,56127.024677
Saudi Arabia,2012,57693.99731599999
Saudi Arabia,2013,56563.342220000006
Saudi Arabia,2014,56613.47504299999
Saudi Arabia,2015,49491.35095
Saudi Arabia,2016,46289.737315
Saudi Arabia,2017,47862.022249
Saudi Arabia,2018,49157.122639999994
Saudi Arabia,2019,49020.211911
Saudi Arabia,2020,46362.649486
Argentina,2004,12299.728803
Argentina,2005,13674.572694999999
Argentina,2006,15074.069861000002
Argentina,2007,16708.232833000002
Argentina,2008,17550.391451
Argentina,2009,16476.698479
Argentina,2010,18061.934358000002
Argentina,2011,19322.227130000003
Argentina,2012,19641.352863
Argentina,2013,20131.680421
Argentina,2014,19683.771502
Argentina,2015,20105.198994
Argentina,2016,20307.870053
Argentina,2017,23597.117759
Argentina,2018,23305.847425
Argentina,2019,22996.985521000002
Costa Rica,1991,5557.82789
Costa Rica,1992,6073.686378
Costa Rica,1993,6518.413515
Costa Rica,1994,6760.64364
Costa Rica,1995,6986.959286
Costa Rica,1996,7021.197198000001
Costa Rica,1997,7346.205543000001
Costa Rica,1998,7757.412262000001
Costa Rica,1999,7980.035267
Costa Rica,2000,8290.944819
Costa Rica,2001,8581.04504
Costa Rica,2002,8850.952659999999
Costa Rica,2003,9263.621127
Costa Rica,2004,9768.125917
Costa Rica,2005,10299.326434
Costa Rica,2006,11205.664331999998
Costa Rica,2007,12278.747842
Costa Rica,2008,12926.352146
Costa Rica,2009,12701.994593000001
Costa Rica,2010,13318.135537999999
Costa Rica,2011,14068.154868000001
Costa Rica,2012,14852.929897999999
Costa Rica,2013,15542.368395
Costa Rica,2014,16615.974075
Costa Rica,2015,17649.314854
Costa Rica,2016,19119.336146999998
Costa Rica,2017,20368.230268
Costa Rica,2018,20988.161555000002
Costa Rica,2019,21759.381303000002
Costa Rica,2020,20972.429834
Bulgaria,1995,7724.21041
Bulgaria,1996,6831.981312000001
Bulgaria,1997,5748.4336539999995
Bulgaria,1998,6177.416986
Bulgaria,1999,5807.80885
Bulgaria,2000,6424.7764
Bulgaria,2001,7046.333183
Bulgaria,2002,7755.008188
Bulgaria,2003,8356.502857
Bulgaria,2004,9117.826459
Bulgaria,2005,10183.815701000001
Bulgaria,2006,11247.805714
Bulgaria,2007,12604.728791
Bulgaria,2008,14089.642678
Bulgaria,2009,13928.367150999999
Bulgaria,2010,14605.319424000001
Bulgaria,2011,15667.294737
Bulgaria,2012,16247.413194
Bulgaria,2013,16588.975372
Bulgaria,2014,17561.417568
Bulgaria,2015,18343.141628
Bulgaria,2016,20019.638626
Bulgaria,2017,21387.279563999997
Bulgaria,2018,22911.128872
Bulgaria,2019,24579.331314
Bulgaria,2020,24349.7241
Croatia,1995,7995.711803
Croatia,1996,8724.593116
Croatia,1997,9467.218837
Croatia,1998,9821.563171
Croatia,1999,9867.597613
Croatia,2000,11007.689598
Croatia,2001,11535.380959999999
Croatia,2002,12637.216531999999
Croatia,2003,13542.97381
Croatia,2004,14520.742628
Croatia,2005,15295.124141999999
Croatia,2006,17413.442983
Croatia,2007,19307.4334
Croatia,2008,20763.138285
Croatia,2009,20004.344703
Croatia,2010,19810.265594999997
Croatia,2011,20793.207219
Croatia,2012,21161.275990000002
Croatia,2013,21826.808171
Croatia,2014,22072.90031
Croatia,2015,22981.128966999997
Croatia,2016,24887.753281
Croatia,2017,26765.579327
Croatia,2018,28533.220285000003
Croatia,2019,30231.248656
Croatia,2020,28593.993276999998
Cyprus,1995,17055.098745
Cyprus,1996,17277.539872999998
Cyprus,1997,17774.79288
Cyprus,1998,18757.711016999998
Cyprus,1999,19662.191718000002
Cyprus,2000,21298.591733
Cyprus,2001,22873.326759
Cyprus,2002,23556.899012
Cyprus,2003,24254.777068
Cyprus,2004,25923.080309
Cyprus,2005,27763.121261
Cyprus,2006,29975.110725
Cyprus,2007,32841.835601
Cyprus,2008,34830.170302
Cyprus,2009,33909.804342
Cyprus,2010,33449.01196
Cyprus,2011,33313.379157999996
Cyprus,2012,31834.588088
Cyprus,2013,30375.241354
Cyprus,2014,30080.393439999996
Cyprus,2015,31815.270718
Cyprus,2016,35719.036738999996
Cyprus,2017,38050.911642
Cyprus,2018,40476.556692
Cyprus,2019,41514.945576
Cyprus,2020,38602.697727
Malta,1995,13943.599966999998
Malta,1996,14621.664083000001
Malta,1997,15486.082731999999
Malta,1998,16220.506421
Malta,1999,16941.807487000002
Malta,2000,18369.432276
Malta,2001,18515.532727
Malta,2002,19601.629814
Malta,2003,20908.766946
Malta,2004,21533.201544
Malta,2005,22308.650772999998
Malta,2006,23292.963028
Malta,2007,25027.980225
Malta,2008,26523.730131
Malta,2009,26670.83555
Malta,2010,28747.240738
Malta,2011,28972.885651999997
Malta,2012,30241.405423
Malta,2013,32287.913935000004
Malta,2014,34318.634806
Malta,2015,37430.609208
Malta,2016,39777.307025
Malta,2017,42646.372402
Malta,2018,44453.29671
Malta,2019,46695.746015
Malta,2020,43026.447171
Peru,2007,7984.661964
Peru,2008,8782.617151999999
Peru,2009,8846.744897
Peru,2010,9586.999943
Peru,2011,10289.261223
Peru,2012,10545.510648000001
Peru,2013,11039.698214
Peru,2014,11254.065501000001
Romania,1995,5416.727537
Romania,1996,5734.261824
Romania,1997,5564.149722
Romania,1998,5545.213836
Romania,1999,5599.963761999999
Romania,2000,5852.670844
Romania,2001,6441.0721920000005
Romania,2002,7180.4199659999995
Romania,2003,7552.149645
Romania,2004,8982.767074
Romania,2005,9602.121442
Romania,2006,11541.177403
Romania,2007,13683.475271000001
Romania,2008,16782.182633
Romania,2009,16644.099913
Romania,2010,16989.279852
Romania,2011,17896.080991
Romania,2012,18867.513229
Romania,2013,19777.022952
Romania,2014,20649.982262999998
Romania,2015,21598.558302
Romania,2016,24266.283962
Romania,2017,27136.07319
Romania,2018,29244.574126
Romania,2019,32293.146149
Romania,2020,31875.149114
North Macedonia,2000,6154.5137939999995
North Macedonia,2001,6052.56115
North Macedonia,2002,6395.178631000001
North Macedonia,2003,6588.662047
North Macedonia,2004,7166.036894
North Macedonia,2005,7848.897341
North Macedonia,2006,8678.569401
North Macedonia,2007,9339.592129999999
North Macedonia,2008,10521.88172
North Macedonia,2009,11018.081685
North Macedonia,2010,11369.68999
North Macedonia,2011,11689.860896
North Macedonia,2012,11915.702401
North Macedonia,2013,12727.350484999999
North Macedonia,2014,13434.846939
North Macedonia,2015,13888.218744
North Macedonia,2016,15137.967397
North Macedonia,2017,15706.430869
North Macedonia,2018,16725.791726
Zambia,2006,2366.7224109999997
Zambia,2007,2564.000152
Zambia,2008,2741.213127
Zambia,2009,2933.2329870000003
Zambia,2010,3178.947393
Zambia,2011,3324.081982
Zambia,2012,3429.503474
Zambia,2013,3583.6939520000005
Zambia,2014,3539.471693
Zambia,2015,3431.0590270000002
Zambia,2016,3405.8327719999997
Zambia,2017,3484.940724
Zambia,2018,3637.368088
"Hong Kong SAR, China",1990,18271.860474
"Hong Kong SAR, China",1991,19800.233872
"Hong Kong SAR, China",1992,21332.396451
"Hong Kong SAR, China",1993,22798.977044
"Hong Kong SAR, China",1994,24143.131212
"Hong Kong SAR, China",1995,24738.496206
"Hong Kong SAR, China",1996,25121.620286
"Hong Kong SAR, China",1997,26638.659237
"Hong Kong SAR, China",1998,25140.670531
"Hong Kong SAR, China",1999,25897.570159
"Hong Kong SAR, China",2000,28253.203695999997
"Hong Kong SAR, China",2001,28822.922895999996
"Hong Kong SAR, China",2002,29631.47775
"Hong Kong SAR, China",2003,31164.291862000002
"Hong Kong SAR, China",2004,34515.854862
"Hong Kong SAR, China",2005,38057.86525
"Hong Kong SAR, China",2006,41697.718813
"Hong Kong SAR, China",2007,45197.00174
"Hong Kong SAR, China",2008,46772.557397000004
"Hong Kong SAR, China",2009,45871.298403
"Hong Kong SAR, China",2010,49186.621974
"Hong Kong SAR, China",2011,52274.50957
"Hong Kong SAR, China",2012,52235.720172
"Hong Kong SAR, China",2013,53691.971048
"Hong Kong SAR, China",2014,54778.382505999994
"Hong Kong SAR, China",2015,56409.642787
"Hong Kong SAR, China",2016,57221.969152
"Hong Kong SAR, China",2017,59846.819225
"Hong Kong SAR, China",2018,62556.2405
Madagascar,2007,1571.562292
Madagascar,2008,1666.984633
Madagascar,2009,1566.810322
Madagascar,2010,1551.109609
Madagascar,2011,1565.8774859999999
Madagascar,2012,1552.77558
Madagascar,2013,1556.147235
Madagascar,2014,1573.788648
Madagascar,2015,1562.305391
Madagascar,2016,1624.3838289999999
Madagascar,2017,1601.521574
Madagascar,2018,1655.4816560000002
Morocco,2007,5657.274524
Morocco,2008,6042.899269
Morocco,2009,6279.693123
Morocco,2010,6525.49337
Morocco,2011,6938.287762999999
Morocco,2012,6923.247392
Morocco,2013,7143.701966
Morocco,2014,6900.513126000001
Morocco,2015,7249.966831999999
Morocco,2016,7312.810289
Morocco,2017,7581.2154120000005
Morocco,2018,7928.326114
Singapore,1990,23853.368594
Singapore,1991,25570.900782
Singapore,1992,27061.474860000002
Singapore,1993,30113.891058999998
Singapore,1994,33110.834035
Singapore,1995,35159.633523000004
Singapore,1996,36937.588649
Singapore,1997,39360.422933
Singapore,1998,37630.971504
Singapore,1999,40033.167266000004
Singapore,2000,43863.193428
Singapore,2001,43167.223162
Singapore,2002,45151.97367
Singapore,2003,48789.206118
Singapore,2004,54335.937914
Singapore,2005,58755.70266
Singapore,2006,63960.872088
Singapore,2007,68671.212114
Singapore,2008,67630.457453
Singapore,2009,66190.396875
Singapore,2010,75343.949298
Singapore,2011,80047.57357000001
Singapore,2012,82072.279162
Singapore,2013,83005.689686
Singapore,2014,84408.216516
Singapore,2015,86972.563073
Singapore,2016,89396.724443
Singapore,2017,94945.250892
Singapore,2018,101280.413499
